basin_index,source_row,raw_id,swmm_id,receiving_junction_swmm_id,known_flow_cfs,flow_present,lateral_length_ft,lateral_slope,lateral_diameter_in,rim_elev,invert_elev,notes_applied
1,11,1,IN_1,J_1,5.0641499999999997,true,5,0.002,24,427.61,421.14,uniform lateral assumption; inlet rim=downstream junction rim
1,29,10,IN_10,J_6_1,1.5191476039918381,true,5,0.002,24,421.46,413.13,uniform lateral assumption; inlet rim=downstream junction rim
2,269,100,IN_100,J_88,0.2955725397286027,true,5,0.002,24,398,394.56,uniform lateral assumption; inlet rim=downstream junction rim
2,271,100.1,IN_100_1,J_88_1,2.0291461275822602,true,5,0.002,24,401.5,392.84999999999997,uniform lateral assumption; inlet rim=downstream junction rim
2,272,101,IN_101,J_88_1,4.6242978190193096,true,5,0.002,24,401.5,392.84999999999997,uniform lateral assumption; inlet rim=downstream junction rim
,274,102,IN_102,,3.3842595164025009,true,5,0.002,24,,,uniform lateral assumption; inlet rim=downstream junction rim
2,277,103,IN_103,J_90,2.2272735959656016,true,5,0.002,24,401.64,395.71999999999997,uniform lateral assumption; inlet rim=downstream junction rim
2,278,104,IN_104,J_90,0.54508722263199372,true,5,0.002,24,401.64,395.71999999999997,uniform lateral assumption; inlet rim=downstream junction rim
2,280,105,IN_105,J_90_1,1.7241625831886691,true,5,0.002,24,401.88,395.68,uniform lateral assumption; inlet rim=downstream junction rim
,283,106,IN_106,,1.816865039403901,true,5,0.002,24,,,uniform lateral assumption; inlet rim=downstream junction rim
,284,106.1,IN_106_1,,1.1517602400886331,true,5,0.002,24,,,uniform lateral assumption; inlet rim=downstream junction rim
2,287,107,IN_107,J_93,3.8175086753690435,true,5,0.002,24,396.8,391.03999999999996,uniform lateral assumption; inlet rim=downstream junction rim
2,288,108,IN_108,J_93,2.9709983560839612,true,5,0.002,24,396.8,391.03999999999996,uniform lateral assumption; inlet rim=downstream junction rim
2,290,109,IN_109,J_94,0.84591998654648581,true,5,0.002,24,396.8,387.06,uniform lateral assumption; inlet rim=downstream junction rim
1,32,11,IN_11,J_7,1.1653070302667903,true,5,0.002,24,421.85,413.88,uniform lateral assumption; inlet rim=downstream junction rim
2,294,110.1,IN_110_1,J_94_2,4.9724619063174549,true,5,0.002,24,398.34,392.23,uniform lateral assumption; inlet rim=downstream junction rim
2,297,111,IN_111,J_95,1.892337427846887,true,5,0.002,24,398,385.11,uniform lateral assumption; inlet rim=downstream junction rim
,300,112,IN_112,,2.5919772879227869,true,5,0.002,24,,,uniform lateral assumption; inlet rim=downstream junction rim
2,302,112.1,IN_112_1,J_95_15,0.92292856075784002,true,5,0.002,24,394,386.69,uniform lateral assumption; inlet rim=downstream junction rim
2,304,112.2,IN_112_2,J_95_2,0.76332868134978804,true,5,0.002,24,393.84,385.75,uniform lateral assumption; inlet rim=downstream junction rim
2,305,113,IN_113,J_95_2,1.6449200232810854,true,5,0.002,24,393.84,385.75,uniform lateral assumption; inlet rim=downstream junction rim
2,309,114,IN_114,J_96,5.3899328049934265,true,5,0.002,24,390.06,379.92,uniform lateral assumption; inlet rim=downstream junction rim
2,310,115,IN_115,J_96,2.6606859382832879,true,5,0.002,24,390.06,379.92,uniform lateral assumption; inlet rim=downstream junction rim
,313,115.1,IN_115_1,,1.8205047056959742,true,5,0.002,24,,,uniform lateral assumption; inlet rim=downstream junction rim
,315,116,IN_116,,0.95913298420822812,true,5,0.002,24,,,uniform lateral assumption; inlet rim=downstream junction rim
,317,116.01,IN_116_01,,0.67192969823546944,true,5,0.002,24,,,uniform lateral assumption; inlet rim=downstream junction rim
,318,116.02,IN_116_02,,0.42981963882578694,true,5,0.002,24,,,uniform lateral assumption; inlet rim=downstream junction rim
2,320,116.1,IN_116_1,J_98,3.2795393326177225,true,5,0.002,24,390.2,379.74,uniform lateral assumption; inlet rim=downstream junction rim
,323,116.2,IN_116_2,,0.31772677667238247,true,5,0.002,24,,,uniform lateral assumption; inlet rim=downstream junction rim
,324,116.3,IN_116_3,,0.85307496770409985,true,5,0.002,24,,,uniform lateral assumption; inlet rim=downstream junction rim
,325,116.4,IN_116_4,,0.44843648658279117,true,5,0.002,24,,,uniform lateral assumption; inlet rim=downstream junction rim
,329,117,IN_117,,2.4665094500723246,true,5,0.002,24,,,uniform lateral assumption; inlet rim=downstream junction rim
,330,117.1,IN_117_1,,0.84853325958150516,true,5,0.002,24,,,uniform lateral assumption; inlet rim=downstream junction rim
,331,117.2,IN_117_2,,0.87615065236969991,true,5,0.002,24,,,uniform lateral assumption; inlet rim=downstream junction rim
,333,118,IN_118,,2.9984816388410063,true,5,0.002,24,,,uniform lateral assumption; inlet rim=downstream junction rim
,334,118.1,IN_118_1,,2.7664372692396331,true,5,0.002,24,,,uniform lateral assumption; inlet rim=downstream junction rim
,337,119,IN_119,,0.40664884532745582,true,5,0.002,24,,,uniform lateral assumption; inlet rim=downstream junction rim
,338,119.1,IN_119_1,,2.6403362072827798,true,5,0.002,24,,,uniform lateral assumption; inlet rim=downstream junction rim
,340,119.2,IN_119_2,,1.6426097511599298,true,5,0.002,24,,,uniform lateral assumption; inlet rim=downstream junction rim
1,36,12,IN_12,J_8,0.44732516665285776,true,5,0.002,24,422,414.7,uniform lateral assumption; inlet rim=downstream junction rim
,343,120,IN_120,,0.32552239016766488,true,5,0.002,24,,,uniform lateral assumption; inlet rim=downstream junction rim
,346,121,IN_121,,1.1486637091303127,true,5,0.002,24,,,uniform lateral assumption; inlet rim=downstream junction rim
,349,122,IN_122,,7.2486395608658096,true,5,0.002,24,,,uniform lateral assumption; inlet rim=downstream junction rim
,350,122.1,IN_122_1,,1.3725745787865444,true,5,0.002,24,,,uniform lateral assumption; inlet rim=downstream junction rim
,351,122.2,IN_122_2,,1.6099757889554009,true,5,0.002,24,,,uniform lateral assumption; inlet rim=downstream junction rim
,354,123,IN_123,,1.9333814944761301,true,5,0.002,24,,,uniform lateral assumption; inlet rim=downstream junction rim
,355,123.1,IN_123_1,,0.81870578712414632,true,5,0.002,24,,,uniform lateral assumption; inlet rim=downstream junction rim
,359,123.2,IN_123_2,,3.2513040533471047,true,5,0.002,24,,,uniform lateral assumption; inlet rim=downstream junction rim
,360,123.3,IN_123_3,,2.1105762796571046,true,5,0.002,24,,,uniform lateral assumption; inlet rim=downstream junction rim
,363,123.4,IN_123_4,,1.9761083831453266,true,5,0.002,24,,,uniform lateral assumption; inlet rim=downstream junction rim
,367,124,IN_124,,2.0131497581558224,true,5,0.002,24,,,uniform lateral assumption; inlet rim=downstream junction rim
,368,124.1,IN_124_1,,1.6063563871999049,true,5,0.002,24,,,uniform lateral assumption; inlet rim=downstream junction rim
,370,124.2,IN_124_2,,1.2733641615583668,true,5,0.002,24,,,uniform lateral assumption; inlet rim=downstream junction rim
,373,124.3,IN_124_3,,1.3291698993643588,true,5,0.002,24,,,uniform lateral assumption; inlet rim=downstream junction rim
,374,124.4,IN_124_4,,4.9953716465735143,true,5,0.002,24,,,uniform lateral assumption; inlet rim=downstream junction rim
,377,124.5,IN_124_5,,0.47696478315630181,true,5,0.002,24,,,uniform lateral assumption; inlet rim=downstream junction rim
,378,124.6,IN_124_6,,1.0259491847262532,true,5,0.002,24,,,uniform lateral assumption; inlet rim=downstream junction rim
,381,125,IN_125,,1.6315177828095704,true,5,0.002,24,,,uniform lateral assumption; inlet rim=downstream junction rim
,382,126,IN_126,,1.2577532867285344,true,5,0.002,24,,,uniform lateral assumption; inlet rim=downstream junction rim
,386,127,IN_127,,1.4187131260012653,true,5,0.002,24,,,uniform lateral assumption; inlet rim=downstream junction rim
,387,127.1,IN_127_1,,0.37391729869745788,true,5,0.002,24,,,uniform lateral assumption; inlet rim=downstream junction rim
,389,127.2,IN_127_2,,0.956403968143271,true,5,0.002,24,,,uniform lateral assumption; inlet rim=downstream junction rim
,392,128,IN_128,,1.5769794563053601,true,5,0.002,24,,,uniform lateral assumption; inlet rim=downstream junction rim
,393,128.1,IN_128_1,,0.41428273314838654,true,5,0.002,24,,,uniform lateral assumption; inlet rim=downstream junction rim
,,128.2,IN_128_2,,,false,5,0.002,24,,,uniform lateral assumption; inlet rim=downstream junction rim
,399,129,IN_129,,0.57133292918008116,true,5,0.002,24,,,uniform lateral assumption; inlet rim=downstream junction rim
,400,129.1,IN_129_1,,0.36067902126037443,true,5,0.002,24,,,uniform lateral assumption; inlet rim=downstream junction rim
,,129.2,IN_129_2,,,false,5,0.002,24,,,uniform lateral assumption; inlet rim=downstream junction rim
1,37,13,IN_13,J_8,0.87497013429013126,true,5,0.002,24,422,414.7,uniform lateral assumption; inlet rim=downstream junction rim
,404,130,IN_130,,0.34944370782711276,true,5,0.002,24,,,uniform lateral assumption; inlet rim=downstream junction rim
,405,130.1,IN_130_1,,0.73789722016236836,true,5,0.002,24,,,uniform lateral assumption; inlet rim=downstream junction rim
,,130.2,IN_130_2,,,false,5,0.002,24,,,uniform lateral assumption; inlet rim=downstream junction rim
,,130.3,IN_130_3,,,false,5,0.002,24,,,uniform lateral assumption; inlet rim=downstream junction rim
,413,130.4,IN_130_4,,0.6942680181996882,true,5,0.002,24,,,uniform lateral assumption; inlet rim=downstream junction rim
,414,130.5,IN_130_5,,0.86769706904642607,true,5,0.002,24,,,uniform lateral assumption; inlet rim=downstream junction rim
2,416,131,IN_131,J_111,7.6566409120822803,true,5,0.002,24,396.9,381.7,uniform lateral assumption; inlet rim=downstream junction rim
2,417,132,IN_132,J_111,8.5333241841275331,true,5,0.002,24,396.9,381.7,uniform lateral assumption; inlet rim=downstream junction rim
2,420,133,IN_133,J_112,0.96518452122393572,true,5,0.002,24,394.57,387.53999999999996,uniform lateral assumption; inlet rim=downstream junction rim
2,421,134,IN_134,J_112,0.25208707915119605,true,5,0.002,24,394.57,387.53999999999996,uniform lateral assumption; inlet rim=downstream junction rim
2,423,135,IN_135,J_113,0.47625383886438277,true,5,0.002,24,393.5,386.67,uniform lateral assumption; inlet rim=downstream junction rim
2,425,136,IN_136,J_113_1,1.8230192526860718,true,5,0.002,24,393.48,386.64,uniform lateral assumption; inlet rim=downstream junction rim
,430,137,IN_137,,0.87505017640635008,true,5,0.002,24,,,uniform lateral assumption; inlet rim=downstream junction rim
,431,137.1,IN_137_1,,0.59861131200386453,true,5,0.002,24,,,uniform lateral assumption; inlet rim=downstream junction rim
,434,138,IN_138,,1.9617903873444142,true,5,0.002,24,,,uniform lateral assumption; inlet rim=downstream junction rim
,436,139,IN_139,,2.5542244097188487,true,5,0.002,24,,,uniform lateral assumption; inlet rim=downstream junction rim
,427,140,IN_140,,2.5974098348308905,true,5,0.002,24,,,uniform lateral assumption; inlet rim=downstream junction rim
,440,141,IN_141,,3.2190891441969152,true,5,0.002,24,,,uniform lateral assumption; inlet rim=downstream junction rim
2,444,143,IN_143,J_118,1.0376475889814438,true,5,0.002,24,393.65,383.59,uniform lateral assumption; inlet rim=downstream junction rim
2,445,144,IN_144,J_118,1.0070165533597513,true,5,0.002,24,393.65,383.59,uniform lateral assumption; inlet rim=downstream junction rim
2,446,145,IN_145,J_118,0.91400031340304433,true,5,0.002,24,393.65,383.59,uniform lateral assumption; inlet rim=downstream junction rim
2,450,146,IN_146,J_120,1.6833809352680504,true,5,0.002,24,392.15,385.14,uniform lateral assumption; inlet rim=downstream junction rim
2,452,147,IN_147,J_121,2.7305407293570196,true,5,0.002,24,392.8,380.09,uniform lateral assumption; inlet rim=downstream junction rim
2,455,148,IN_148,J_122,0,true,5,0.002,24,402.03,395.96,uniform lateral assumption; inlet rim=downstream junction rim
2,456,149,IN_149,J_122,6.9376803839896404,true,5,0.002,24,402.03,395.96,uniform lateral assumption; inlet rim=downstream junction rim
1,40,15,IN_15,J_11,1.5483829151967672,true,5,0.002,24,417.6,409.24,uniform lateral assumption; inlet rim=downstream junction rim
2,458,150,IN_150,J_123,1.8219220724225729,true,5,0.002,24,401.51,393.86,uniform lateral assumption; inlet rim=downstream junction rim
2,460,151,IN_151,J_124,0.90674603923069685,true,5,0.002,24,400.44,390.8,uniform lateral assumption; inlet rim=downstream junction rim
2,463,152,IN_152,J_125,1.8648034521387458,true,5,0.002,24,394.71,387.14,uniform lateral assumption; inlet rim=downstream junction rim
2,465,153,IN_153,J_126,4.6490639818640762,true,5,0.002,24,394.49,386.90999999999997,uniform lateral assumption; inlet rim=downstream junction rim
2,466,154,IN_154,J_126,0.81747445303246347,true,5,0.002,24,394.49,386.90999999999997,uniform lateral assumption; inlet rim=downstream junction rim
2,469,155,IN_155,J_128,0.72786866890584723,true,5,0.002,24,392.93,383.07,uniform lateral assumption; inlet rim=downstream junction rim
2,470,156,IN_156,J_128,2.2980373214901535,true,5,0.002,24,392.93,383.07,uniform lateral assumption; inlet rim=downstream junction rim
2,472,157,IN_157,J_129,2.0992183868415166,true,5,0.002,24,391.6,381.7,uniform lateral assumption; inlet rim=downstream junction rim
2,473,158,IN_158,J_129,2.7381990865318602,true,5,0.002,24,391.6,381.7,uniform lateral assumption; inlet rim=downstream junction rim
2,476,159,IN_159,J_131,0.75059465487360288,true,5,0.002,24,390.92,378.82,uniform lateral assumption; inlet rim=downstream junction rim
1,43,16,IN_16,J_12,0.81328670642216183,true,5,0.002,24,419.78,412.7,uniform lateral assumption; inlet rim=downstream junction rim
2,480,160,IN_160,J_132_1,3.9724670958129278,true,5,0.002,24,388.82,378.73,uniform lateral assumption; inlet rim=downstream junction rim
3,488,161,IN_161,J_134_1,0.21328506117211926,true,5,0.002,24,387,377.36,uniform lateral assumption; inlet rim=downstream junction rim
,483,162,IN_162,,4.2314211568896312,true,5,0.002,24,,,uniform lateral assumption; inlet rim=downstream junction rim
4,493,163,IN_163,J_135,2.9030708929392315,true,5,0.002,24,390.12,382.48,uniform lateral assumption; inlet rim=downstream junction rim
,498,164,IN_164,,2.466020784235071,true,5,0.002,24,,,uniform lateral assumption; inlet rim=downstream junction rim
,499,165,IN_165,,0.44491252733499087,true,5,0.002,24,,,uniform lateral assumption; inlet rim=downstream junction rim
,502,165.1,IN_165_1,,1.8212520321959202,true,5,0.002,24,,,uniform lateral assumption; inlet rim=downstream junction rim
,504,165.2,IN_165_2,,0.65488499561212743,true,5,0.002,24,,,uniform lateral assumption; inlet rim=downstream junction rim
,506,165.3,IN_165_3,,1.2141913915747131,true,5,0.002,24,,,uniform lateral assumption; inlet rim=downstream junction rim
,508,165.4,IN_165_4,,2.2957328536579698,true,5,0.002,24,,,uniform lateral assumption; inlet rim=downstream junction rim
,510,165.5,IN_165_5,,1.020752892827949,true,5,0.002,24,,,uniform lateral assumption; inlet rim=downstream junction rim
,513,165.6,IN_165_6,,1.0008875418867056,true,5,0.002,24,,,uniform lateral assumption; inlet rim=downstream junction rim
,514,165.7,IN_165_7,,0.59640691112045818,true,5,0.002,24,,,uniform lateral assumption; inlet rim=downstream junction rim
,517,165.8,IN_165_8,,0.38907850364660623,true,5,0.002,24,,,uniform lateral assumption; inlet rim=downstream junction rim
,518,165.9,IN_165_9,,0.91116504674249321,true,5,0.002,24,,,uniform lateral assumption; inlet rim=downstream junction rim
,522,166,IN_166,,1.8364106357138823,true,5,0.002,24,,,uniform lateral assumption; inlet rim=downstream junction rim
,523,166.1,IN_166_1,,2.5427696603777856,true,5,0.002,24,,,uniform lateral assumption; inlet rim=downstream junction rim
,525,166.2,IN_166_2,,1.7932010327889938,true,5,0.002,24,,,uniform lateral assumption; inlet rim=downstream junction rim
5,528,167,IN_167,J_138,1.7034949293823063,true,5,0.002,24,392.06,384.51,uniform lateral assumption; inlet rim=downstream junction rim
5,529,168,IN_168,J_138,1.7791918779034674,true,5,0.002,24,392.06,384.51,uniform lateral assumption; inlet rim=downstream junction rim
5,532,169,IN_169,J_139,0.74345628901950833,true,5,0.002,24,390.92,384.15,uniform lateral assumption; inlet rim=downstream junction rim
1,45,17,IN_17,J_13,0.63244565036839362,true,5,0.002,24,418.37,411.89,uniform lateral assumption; inlet rim=downstream junction rim
5,533,170,IN_170,J_139,0.53880999198513269,true,5,0.002,24,390.92,384.15,uniform lateral assumption; inlet rim=downstream junction rim
5,535,171,IN_171,J_140,0.24912056207748151,true,5,0.002,24,390.53,383.82,uniform lateral assumption; inlet rim=downstream junction rim
5,537,172,IN_172,J_141,1.8708502963264813,true,5,0.002,24,389.7,383.40999999999997,uniform lateral assumption; inlet rim=downstream junction rim
5,538,173,IN_173,J_141,3.789346786472382,true,5,0.002,24,389.7,383.40999999999997,uniform lateral assumption; inlet rim=downstream junction rim
5,541,174,IN_174,J_142,1.4266537792924241,true,5,0.002,24,392.5,386.5,uniform lateral assumption; inlet rim=downstream junction rim
5,545,175,IN_175,J_144,2.0403361674368874,true,5,0.002,24,388.05,382.18,uniform lateral assumption; inlet rim=downstream junction rim
5,546,176,IN_176,J_144,1.0276913883277645,true,5,0.002,24,388.05,382.18,uniform lateral assumption; inlet rim=downstream junction rim
5,548,177,IN_177,J_145,0.48304544611077216,true,5,0.002,24,388.56,381.67,uniform lateral assumption; inlet rim=downstream junction rim
5,551,178,IN_178,J_146,0.757821068228682,true,5,0.002,24,394.07,388.25,uniform lateral assumption; inlet rim=downstream junction rim
5,553,179,IN_179,J_147,0.42983986411650027,true,5,0.002,24,394.07,385.89,uniform lateral assumption; inlet rim=downstream junction rim
1,48,18,IN_18,J_14,0.81652852466476666,true,5,0.002,24,417.61,409.89,uniform lateral assumption; inlet rim=downstream junction rim
5,556,180,IN_180,J_148,0.4271219013622744,true,5,0.002,24,393.27,386.83,uniform lateral assumption; inlet rim=downstream junction rim
5,558,181,IN_181,J_149,0.42981195741604827,true,5,0.002,24,393.84,386.23,uniform lateral assumption; inlet rim=downstream junction rim
5,560,182,IN_182,J_150,2.5411807436016796,true,5,0.002,24,389.02,381.77,uniform lateral assumption; inlet rim=downstream junction rim
5,562,183,IN_183,J_151,0.69137055861183716,true,5,0.002,24,387.92,380.59999999999997,uniform lateral assumption; inlet rim=downstream junction rim
5,563,184,IN_184,J_151,0.73560037984777626,true,5,0.002,24,387.92,380.59999999999997,uniform lateral assumption; inlet rim=downstream junction rim
5,566,185,IN_185,J_152,0.9946567602580566,true,5,0.002,24,387.15,380.77,uniform lateral assumption; inlet rim=downstream junction rim
5,567,186,IN_186,J_152,1.1613241340464364,true,5,0.002,24,387.15,380.77,uniform lateral assumption; inlet rim=downstream junction rim
5,568,187,IN_187,J_152,1.2986481043175941,true,5,0.002,24,387.15,380.77,uniform lateral assumption; inlet rim=downstream junction rim
5,570,188,IN_188,J_153,1.3494959157235615,true,5,0.002,24,388.17,380.5,uniform lateral assumption; inlet rim=downstream junction rim
5,573,189,IN_189,J_154,0.87828690500653217,true,5,0.002,24,387.56,380.03,uniform lateral assumption; inlet rim=downstream junction rim
1,52,19,IN_19,J_16,3.3100805540796805,true,5,0.002,24,416.46,410.63,uniform lateral assumption; inlet rim=downstream junction rim
5,574,190,IN_190,J_154,0.73592944025439633,true,5,0.002,24,387.56,380.03,uniform lateral assumption; inlet rim=downstream junction rim
5,576,191,IN_191,J_155,0.63607294871484055,true,5,0.002,24,387.63,379.96999999999997,uniform lateral assumption; inlet rim=downstream junction rim
5,578,192,IN_192,J_156,0.71687997767862388,true,5,0.002,24,387.19,378.19,uniform lateral assumption; inlet rim=downstream junction rim
5,579,193,IN_193,J_156,1.3661541539783952,true,5,0.002,24,387.19,378.19,uniform lateral assumption; inlet rim=downstream junction rim
1,12,2,IN_2,J_1,4.1623129978363425,true,5,0.002,24,427.61,421.14,uniform lateral assumption; inlet rim=downstream junction rim
1,53,20,IN_20,J_16,2.0733253248022447,true,5,0.002,24,416.46,410.63,uniform lateral assumption; inlet rim=downstream junction rim
1,56,21,IN_21,J_17,1.735009898310502,true,5,0.002,24,419.56,409.55,uniform lateral assumption; inlet rim=downstream junction rim
1,57,22,IN_22,J_17,1.5299632739647155,true,5,0.002,24,419.56,409.55,uniform lateral assumption; inlet rim=downstream junction rim
1,61,23,IN_23,J_19,1.7268514007252302,true,5,0.002,24,414.36,407.78999999999996,uniform lateral assumption; inlet rim=downstream junction rim
1,62,24,IN_24,J_19,0.67465115772739725,true,5,0.002,24,414.36,407.78999999999996,uniform lateral assumption; inlet rim=downstream junction rim
1,65,25,IN_25,J_21,1.3899754378809268,true,5,0.002,24,413.1,406.21,uniform lateral assumption; inlet rim=downstream junction rim
1,68,26,IN_26,J_22,0.72177086473182794,true,5,0.002,24,415.05,405.55,uniform lateral assumption; inlet rim=downstream junction rim
1,69,27,IN_27,J_22,1.3586144104053792,true,5,0.002,24,415.05,405.55,uniform lateral assumption; inlet rim=downstream junction rim
1,73,28,IN_28,J_24,0.31001573352252021,true,5,0.002,24,413.15,405.37,uniform lateral assumption; inlet rim=downstream junction rim
1,74,29,IN_29,J_24,0.42601543529615793,true,5,0.002,24,413.15,405.37,uniform lateral assumption; inlet rim=downstream junction rim
1,15,3,IN_3,J_2,7.7442740511825443,true,5,0.002,24,428.5,420.37,uniform lateral assumption; inlet rim=downstream junction rim
1,77,30,IN_30,J_26,1.3737475912504429,true,5,0.002,24,413.76,404.08,uniform lateral assumption; inlet rim=downstream junction rim
1,80,30.1,IN_30_1,J_26_1,0.29034582905338635,true,5,0.002,24,415.3,407.34,uniform lateral assumption; inlet rim=downstream junction rim
1,82,31,IN_31,J_27,4.2993390005438901,true,5,0.002,24,414.47,407.96,uniform lateral assumption; inlet rim=downstream junction rim
1,84,32,IN_32,J_27_1,3.5594847807229306,true,5,0.002,24,414.52,406.76,uniform lateral assumption; inlet rim=downstream junction rim
1,86,33,IN_33,J_28,1.2969654339836414,true,5,0.002,24,414.17,403.86,uniform lateral assumption; inlet rim=downstream junction rim
1,90,34,IN_34,J_30,1.8635910682297303,true,5,0.002,24,411.61,403.99,uniform lateral assumption; inlet rim=downstream junction rim
1,94,35,IN_35,J_32,1.0729411516809486,true,5,0.002,24,412.5,405.18,uniform lateral assumption; inlet rim=downstream junction rim
1,95,36,IN_36,J_32,0.58382942176058505,true,5,0.002,24,412.5,405.18,uniform lateral assumption; inlet rim=downstream junction rim
1,98,37,IN_37,J_33,1.5254779290076159,true,5,0.002,24,413.01,404.77,uniform lateral assumption; inlet rim=downstream junction rim
1,101,38,IN_38,J_35,0.5955215452504522,true,5,0.002,24,410.59,402.39,uniform lateral assumption; inlet rim=downstream junction rim
,104,39,IN_39,,2.4392117065135954,true,5,0.002,24,,,uniform lateral assumption; inlet rim=downstream junction rim
1,108,40,IN_40,J_38,0.82102305004562581,true,5,0.002,24,409.77,400.89,uniform lateral assumption; inlet rim=downstream junction rim
1,109,41,IN_41,J_38,1.0354229000290083,true,5,0.002,24,409.77,400.89,uniform lateral assumption; inlet rim=downstream junction rim
1,113,42,IN_42,J_40,2.8622791851047085,true,5,0.002,24,409.79,402.61,uniform lateral assumption; inlet rim=downstream junction rim
1,115,43,IN_43,J_41,1.5417983010808509,true,5,0.002,24,408.5,400.01,uniform lateral assumption; inlet rim=downstream junction rim
1,116,43.1,IN_43_1,J_41,0.51568561267750657,true,5,0.002,24,408.5,400.01,uniform lateral assumption; inlet rim=downstream junction rim
1,120,44,IN_44,J_43,2.0194452474803106,true,5,0.002,24,414.99,408.27,uniform lateral assumption; inlet rim=downstream junction rim
1,122,45,IN_45,J_44,1.6831223497046861,true,5,0.002,24,413.02,406.13,uniform lateral assumption; inlet rim=downstream junction rim
1,124,46,IN_46,J_45,1.6207943428780207,true,5,0.002,24,410.4,405.03,uniform lateral assumption; inlet rim=downstream junction rim
1,126,47,IN_47,J_46,0.41107403101007545,true,5,0.002,24,410.63,404.65999999999997,uniform lateral assumption; inlet rim=downstream junction rim
1,129,48,IN_48,J_47,5.8928128948064549,true,5,0.002,24,408.5,401.53999999999996,uniform lateral assumption; inlet rim=downstream junction rim
1,130,49,IN_49,J_47,2.3645939216976855,true,5,0.002,24,408.5,401.53999999999996,uniform lateral assumption; inlet rim=downstream junction rim
1,17,5,IN_5,J_3,1.7244844492880644,true,5,0.002,24,426.82,418.96999999999997,uniform lateral assumption; inlet rim=downstream junction rim
1,133,50,IN_50,J_49,3.3438138821475194,true,5,0.002,24,406.8,398.88,uniform lateral assumption; inlet rim=downstream junction rim
1,136,51,IN_51,J_50,4.5181293662245174,true,5,0.002,24,407,400.15999999999997,uniform lateral assumption; inlet rim=downstream junction rim
1,140,52,IN_52,J_52,2.9057228366575703,true,5,0.002,24,406.15,397.8,uniform lateral assumption; inlet rim=downstream junction rim
1,141,52.1,IN_52_1,J_52,1.1018345814309094,true,5,0.002,24,406.15,397.8,uniform lateral assumption; inlet rim=downstream junction rim
1,142,53,IN_53,J_52,1.0059747769003387,true,5,0.002,24,406.15,397.8,uniform lateral assumption; inlet rim=downstream junction rim
1,145,54,IN_54,J_54,3.0336167837224739,true,5,0.002,24,404.67,396.63,uniform lateral assumption; inlet rim=downstream junction rim
1,146,55,IN_55,J_54,1.5273032609818076,true,5,0.002,24,404.67,396.63,uniform lateral assumption; inlet rim=downstream junction rim
,149,56,IN_56,,0.56335952050870985,true,5,0.002,24,,,uniform lateral assumption; inlet rim=downstream junction rim
,150,56.1,IN_56_1,,2.3115152690324128,true,5,0.002,24,,,uniform lateral assumption; inlet rim=downstream junction rim
1,152,57,IN_57,J_57,2.0546890350778435,true,5,0.002,24,404.82,396.44,uniform lateral assumption; inlet rim=downstream junction rim
,20,6,IN_6,,0.30273685961289243,true,5,0.002,24,,,uniform lateral assumption; inlet rim=downstream junction rim
1,155,60,IN_60,J_61,3.3319279969680191,true,5,0.002,24,404.82,396.96,uniform lateral assumption; inlet rim=downstream junction rim
1,156,61,IN_61,J_61,9.200637380142668,true,5,0.002,24,404.82,396.96,uniform lateral assumption; inlet rim=downstream junction rim
1,159,62,IN_62,J_63,1.5343735408320234,true,5,0.002,24,404.69,392.74,uniform lateral assumption; inlet rim=downstream junction rim
1,160,63,IN_63,J_63,2.592860625971888,true,5,0.002,24,404.69,392.74,uniform lateral assumption; inlet rim=downstream junction rim
1,162,66,IN_66,J_65,9.0696348534671642,true,5,0.002,24,405,365.3,uniform lateral assumption; inlet rim=downstream junction rim
1,163,67,IN_67,J_65,11.353427033843261,true,5,0.002,24,405,365.3,uniform lateral assumption; inlet rim=downstream junction rim
,21,6.1,IN_6_1,,0.69567526577243877,true,5,0.002,24,,,uniform lateral assumption; inlet rim=downstream junction rim
,22,7,IN_7,,1.525194147684378,true,5,0.002,24,,,uniform lateral assumption; inlet rim=downstream junction rim
,165,74,IN_74,,0.67592853699766187,true,5,0.002,24,,,uniform lateral assumption; inlet rim=downstream junction rim
,166,75,IN_75,,1.9549318032725498,true,5,0.002,24,,,uniform lateral assumption; inlet rim=downstream junction rim
,,75.1,IN_75_1,,,false,5,0.002,24,,,uniform lateral assumption; inlet rim=downstream junction rim
,170,75.2,IN_75_2,,0.996263619555813,true,5,0.002,24,,,uniform lateral assumption; inlet rim=downstream junction rim
,172,75.25,IN_75_25,,3.1988517653305557,true,5,0.002,24,,,uniform lateral assumption; inlet rim=downstream junction rim
,176,75.3,IN_75_3,,2.4609487630417739,true,5,0.002,24,,,uniform lateral assumption; inlet rim=downstream junction rim
,,75.4,IN_75_4,,,false,5,0.002,24,,,uniform lateral assumption; inlet rim=downstream junction rim
,181,75.5,IN_75_5,,1.1457541743890431,true,5,0.002,24,,,uniform lateral assumption; inlet rim=downstream junction rim
,,75.6,IN_75_6,,,false,5,0.002,24,,,uniform lateral assumption; inlet rim=downstream junction rim
1,186,76,IN_76,J_70,2.0585222934740259,true,5,0.002,24,398.37,389.48,uniform lateral assumption; inlet rim=downstream junction rim
,,76.1,IN_76_1,,,false,5,0.002,24,,,uniform lateral assumption; inlet rim=downstream junction rim
1,187,76.2,IN_76_2,J_70,0.2855009694720444,true,5,0.002,24,398.37,389.48,uniform lateral assumption; inlet rim=downstream junction rim
,192,76.3,IN_76_3,,0.730830974256652,true,5,0.002,24,,,uniform lateral assumption; inlet rim=downstream junction rim
1,195,76.41,IN_76_41,J_70_3,0.60246095188654603,true,5,0.002,24,397.5,387.76,uniform lateral assumption; inlet rim=downstream junction rim
1,196,76.42,IN_76_42,J_70_3,2.1399941008626926,true,5,0.002,24,397.5,387.76,uniform lateral assumption; inlet rim=downstream junction rim
,,76.43,IN_76_43,,,false,5,0.002,24,,,uniform lateral assumption; inlet rim=downstream junction rim
,201,76.5,IN_76_5,,3.6942576946988943,true,5,0.002,24,,,uniform lateral assumption; inlet rim=downstream junction rim
,204,77,IN_77,,1.1101931999305445,true,5,0.002,24,,,uniform lateral assumption; inlet rim=downstream junction rim
,,77.1,IN_77_1,,,false,5,0.002,24,,,uniform lateral assumption; inlet rim=downstream junction rim
,208,77.2,IN_77_2,,1.0422228698709426,true,5,0.002,24,,,uniform lateral assumption; inlet rim=downstream junction rim
1,212,77.3,IN_77_3,J_71_5,0.80778604577358049,true,5,0.002,24,397.77,389.88,uniform lateral assumption; inlet rim=downstream junction rim
,,77.4,IN_77_4,,,false,5,0.002,24,,,uniform lateral assumption; inlet rim=downstream junction rim
,215,77.5,IN_77_5,,0.51910394600820797,true,5,0.002,24,,,uniform lateral assumption; inlet rim=downstream junction rim
,,77.6,IN_77_6,,,false,5,0.002,24,,,uniform lateral assumption; inlet rim=downstream junction rim
1,223,79,IN_79,J_75,1.5327021670167063,true,5,0.002,24,392.24,377.99,uniform lateral assumption; inlet rim=downstream junction rim
1,25,8,IN_8,J_5,3.1435119371936229,true,5,0.002,24,424.09,417.28,uniform lateral assumption; inlet rim=downstream junction rim
1,224,80,IN_80,J_75,1.2159333515486821,true,5,0.002,24,392.24,377.99,uniform lateral assumption; inlet rim=downstream junction rim
1,225,81,IN_81,J_75,0.91229472542030865,true,5,0.002,24,392.24,377.99,uniform lateral assumption; inlet rim=downstream junction rim
1,228,82,IN_82,J_76,0.73672211601526605,true,5,0.002,24,391.26,384.32,uniform lateral assumption; inlet rim=downstream junction rim
2,234,83,IN_83,J_78,2.9892637249513179,true,5,0.002,24,411.37,405.24,uniform lateral assumption; inlet rim=downstream junction rim
,236,84,IN_84,,2.1350414153554085,true,5,0.002,24,,,uniform lateral assumption; inlet rim=downstream junction rim
2,239,85,IN_85,J_79,3.1185926878148398,true,5,0.002,24,409.13,401.76,uniform lateral assumption; inlet rim=downstream junction rim
2,240,86,IN_86,J_79,0.83097125487823742,true,5,0.002,24,409.13,401.76,uniform lateral assumption; inlet rim=downstream junction rim
2,243,87,IN_87,J_81,1.8266384276856453,true,5,0.002,24,405.98,398.11,uniform lateral assumption; inlet rim=downstream junction rim
2,244,88,IN_88,J_81,1.9434359625458868,true,5,0.002,24,405.98,398.11,uniform lateral assumption; inlet rim=downstream junction rim
,246,89,IN_89,,2.683201623092343,true,5,0.002,24,,,uniform lateral assumption; inlet rim=downstream junction rim
1,27,9,IN_9,J_6,1.267685759412265,true,5,0.002,24,425.17,415.9,uniform lateral assumption; inlet rim=downstream junction rim
2,248,90,IN_90,J_82,0.32061829602937392,true,5,0.002,24,406.14,396.62,uniform lateral assumption; inlet rim=downstream junction rim
2,249,91,IN_91,J_82,0.20669885692957043,true,5,0.002,24,406.14,396.62,uniform lateral assumption; inlet rim=downstream junction rim
2,251,92,IN_92,J_83,1.3705751225348233,true,5,0.002,24,402.5,393.44,uniform lateral assumption; inlet rim=downstream junction rim
2,252,93,IN_93,J_83,0.44084430216311937,true,5,0.002,24,402.5,393.44,uniform lateral assumption; inlet rim=downstream junction rim
2,254,94,IN_94,J_83_1,1.1886620254501854,true,5,0.002,24,402.75,393.44,uniform lateral assumption; inlet rim=downstream junction rim
,257,95,IN_95,,2.4115610310059612,true,5,0.002,24,,,uniform lateral assumption; inlet rim=downstream junction rim
,259,96,IN_96,,2.6280346374350567,true,5,0.002,24,,,uniform lateral assumption; inlet rim=downstream junction rim
2,261,97,IN_97,J_85,2.3468108840590913,true,5,0.002,24,409,399.84,uniform lateral assumption; inlet rim=downstream junction rim
2,264,98,IN_98,J_86,7.4458700113154448,true,5,0.002,24,404.95,398.59999999999997,uniform lateral assumption; inlet rim=downstream junction rim
2,265,99,IN_99,J_86,1.5095661163978313,true,5,0.002,24,404.95,398.59999999999997,uniform lateral assumption; inlet rim=downstream junction rim
